Workbook
Name Slicer_Category: #N/A

Sheet Trip Dashboard
A31: Find the total cost of the Acivity | E31: Total Travellers = | G31: 5 | I31: Find Location of Activity
A32: Activity | B32: Cost | I32: Activity | J32: Location
A33: Rice Terrace Trek | B33: =G31*(INDEX(Table1[Cost/Person],MATCH('Trip Dashboard'!A33,Table1[Activity],0))) -> 2500 | I33: Rice Terrace Trek | J33: =INDEX(Table1[Location],MATCH('Trip Dashboard'!I33,Table1[Activity],0)) -> Tegalalang

Sheet Trip Data 
A1: Travel Planner with Budget & Itinerary Tracker | H1: TRIP STARTS IN (WORKING DAYS) | J1: =NETWORKDAYS(TODAY(),MIN(Table1[Date])) -> 25
A3: Date | B3: Day | C3: Time | D3: Activity | E3: Category | F3: Location | G3: Cost/Person | H3: Responsible Person | I3: Status | J3: Remarks
A4: 45870 | B4: Day 1 | C4: Morning | D4: Flight to Bali | E4: Travel | F4: IGI Airport | G4: 25000 | H4: Aanya | I4: Planned | J4: =IF(Table1[Status]="Cancelled", "Needs rescheduling", "Done") -> Done
A5: 45870 | B5: Day 1 | C5: Afternoon | D5: Check-in Hotel | E5: Stay | F5: Ubud | G5: 7000 | H5: Rohan | I5: Booked | J5: =IF(Table1[Status]="Cancelled", "Needs rescheduling", "Done") -> Done
A6: 45870 | B6: Day 1 | C6: Evening | D6: Welcome Dinner | E6: Food | F6: Bebek Tepi Sawah | G6: 1200 | H6: Meera | I6: Booked | J6: =IF(Table1[Status]="Cancelled", "Needs rescheduling", "Done") -> Done
A7: 45870 | B7: Day 1 | C7: Night | D7: Rest/Free Time | E7: Activity | F7: Hotel | G7: 0 | H7: All | I7: Booked | J7: =IF(Table1[Status]="Cancelled", "Needs rescheduling", "Done") -> Done
A8: 45871 | B8: Day 2 | C8: Morning | D8: Monkey Forest Visit | E8: Activity | F8: Ubud | G8: 800 | H8: Ishan | I8: Planned | J8: =IF(Table1[Status]="Cancelled", "Needs rescheduling", "Done") -> Done
A9: 45871 | B9: Day 2 | C9: Noon | D9: Lunch @ Warung Biah Biah | E9: Food | F9: Ubud | G9: 600 | H9: Aanya | I9: Planned | J9: =IF(Table1[Status]="Cancelled", "Needs rescheduling", "Done") -> Done
A10: 45871 | B10: Day 2 | C10: Evening | D10: Balinese Cooking Class | E10: Activity | F10: Ubud | G10: 1500 | H10: Meera | I10: Planned | J10: =IF(Table1[Status]="Cancelled", "Needs rescheduling", "Done") -> Done
A11: 45871 | B11: Day 2 | C11: Night | D11: Hotel Stay | E11: Stay | F11: Ubud | G11: 7000 | H11: Rohan | I11: Planned | J11: =IF(Table1[Status]="Cancelled", "Needs rescheduling", "Done") -> Done
A12: 45871 | B12: Day 2 | C12: Breakfast | D12: Hotel Breakfast | E12: Food | F12: Ubud Hotel | G12: 0 | H12: Rohan | I12: Booked | J12: =IF(Table1[Status]="Cancelled", "Needs rescheduling", "Done") -> Done
A13: 45872 | B13: Day 3 | C13: Morning | D13: Rice Terrace Trek | E13: Activity | F13: Tegalalang | G13: 500 | H13: Ishan | I13: Planned | J13: =IF(Table1[Status]="Cancelled", "Needs rescheduling", "Done") -> Done
A14: 45872 | B14: Day 3 | C14: Afternoon | D14: Transfer to Seminyak | E14: Travel | F14: Seminyak | G14: 2000 | H14: Aanya | I14: Planned | J14: =IF(Table1[Status]="Cancelled", "Needs rescheduling", "Done") -> Done
A15: 45872 | B15: Day 3 | C15: Night | D15: Hotel Stay | E15: Stay | F15: Seminyak | G15: 8000 | H15: Rohan | I15: Booked | J15: =IF(Table1[Status]="Cancelled", "Needs rescheduling", "Done") -> Done
... A39: 45876 | B39: Day 7 | C39: Breakfast | D39: Hotel Breakfast | E39: Food | F39: Seminyak Hotel | G39: 0 | H39: Rohan | I39: Planned | J39: =IF(Table1[Status]="Cancelled", "Needs rescheduling", "Done") -> Done

Sheet Trip Analysis
A1: Trip Analysis
A3: Sum of Cost/Person | B3: Category | H3: Days | I3: Average of Cost/Person | J3: Sum of Cost/Person2
A4: Days | B4: Activity | C4: Food | D4: Stay | E4: Travel | F4: Grand Total | H4: Activity | I4: 885.71429 | J4: 12400
A5: Day 1 | B5: 0 | C5: 1200 | D5: 7000 | E5: 25000 | F5: 33200 | H5: Food | I5: 527.27273 | J5: 5800
A6: Day 2 | B6: 2300 | C6: 600 | D6: 7000 | F6: 9900 | H6: Stay | I6: 7666.6667 | J6: 46000
A7: Day 3 | B7: 500 | C7: 0 | D7: 8000 | E7: 2000 | F7: 10500 | H7: Travel | I7: 11000 | J7: 55000
A8: Day 4 | B8: 2400 | C8: 1000 | D8: 8000 | F8: 11400 | H8: Grand Total | I8: 3311.1111 | J8: 119200
A9: Day 5 | B9: 2500 | C9: 1200 | D9: 8000 | F9: 11700
A10: Day 6 | B10: 3000 | C10: 1800 | D10: 8000 | E10: 1000 | F10: 13800
A11: Day 7 | B11: 1700 | C11: 0 | E11: 27000 | F11: 28700
A12: Grand Total | B12: 12400 | C12: 5800 | D12: 46000 | E12: 55000 | F12: 119200
A14: Category | B14: Total cost per person | C14: Average cost per person
A15: Activity | B15: =SUMIFS(Table1[Cost/Person],Table1[Category],A15) -> 12400 | C15: =AVERAGEIFS(Table1[Cost/Person],Table1[Category],'Trip Analysis'!A15) -> 885.71429
A16: Food | B16: =SUMIFS(Table1[Cost/Person],Table1[Category],A16) -> 5800 | C16: =AVERAGEIFS(Table1[Cost/Person],Table1[Category],'Trip Analysis'!A16) -> 527.27273
A17: Stay | B17: =SUMIFS(Table1[Cost/Person],Table1[Category],A17) -> 46000 | C17: =AVERAGEIFS(Table1[Cost/Person],Table1[Category],'Trip Analysis'!A17) -> 7666.6667
A18: Travel | B18: =SUMIFS(Table1[Cost/Person],Table1[Category],A18) -> 55000 | C18: =AVERAGEIFS(Table1[Cost/Person],Table1[Category],'Trip Analysis'!A18) -> 11000
A20: Budget | B20: Total Expense(5 people) | C20: Difference
A21: 600000 | B21: =5*SUM(B15:B18) -> 596000 | C21: =A21-B21 -> 4000
